polygon,area_ha
Munda1,0.101973839
Munda2,0.339509528
Munda3,0.308072623
Munda4,0.289367202
Munda5,0.185416855
Munda6,0.062530416
Munda7,0.887
Munda8,0.111661294
